分类	书名	书号	作者
女频	女神纪	8114	枕书不想搬家了
女频	凤堰	1625	廿一
女频	更向人间住几何	145	左上居
女频	我是李小九	3874	糯米圆
女频	且要此心留墨白	5566	且慢慢
女频	岳麓花开	9422	霄禺
女频	可知朝暮	203	百茶猫
女频	朔朔长歌	4967	沧司
武侠	剑序引之红玉图	3788	拾遗生
军事	军阀	5578	caler
军事	天山南北1933	2361	黎塞留号战列舰
军事	兔子家的休伯利安	8466	洽饭手杰克
奇幻	孤独冠冕	2637	夜末星晚
奇幻	千年神战	2712	苏的微笑
奇幻	被选定的骑士	626	想当诗人的段子手
奇幻	一刻天国	4436	门扉
奇幻	孤星与月	4663	堪影
科幻	带个国家去穿越	294	在南方的毛豆
科幻	果核启示录	1458	柳色轻侯
科幻	群星英杰传	8991	溅血飘香
科幻	命运断路	345	黄梦铃
科幻	末世救赎之路	1629	妖叔
科幻	末世之暴君帝国	738	黑灰色铅笔
科幻	涣元纪	424	玖世散仙
科幻	灵气回归之荒古之战	5120	糖醋火龙果
历史	李唐王朝变轨纪	6678	缘分天注定
历史	宋时儿郎	3464	新侨联委员
仙侠	明仙	3031	木易
仙侠	剑问长情	1465	江湖不识君
仙侠	太一	6196	仙侠楼主
仙侠	仙侠尘缘录	3576	吕歌
仙侠	仙旅鸿途	3626	帝国吃货
玄幻	冉生星球	2017	玄极斯坦  
玄幻	帝炼	4769	范牛的小九 
玄幻	云阳祖师	250	易灵仙
玄幻	灵剑封魔	2166	星罗棋布 
玄幻	一个修仙门派的复兴	5755	盛世昌明  
玄幻	瑞娜世纪	6496	瘦瘦瘦瘦瘦瘦宝 
玄幻	道岸红尘	423	木瓜炖藕 
玄幻	问仙箓	7240	沸腾的龙井茶 
玄幻	狂印天下	4298	四色龙
玄幻	天尊之印全传	793	疑流 
玄幻	天穹崩裂	6439	浮华缥缈 
玄幻	钢铁神座	277	巨人眼睛
玄幻	魔神召唤	2589	寓言故事 
玄幻	机械王座	3611	思存 
玄幻	殖神	2240	方茄子 
玄幻	枫神传之天启之光	5392	木业无忧草  
玄幻	弹指云罗	5299	令析  
玄幻	意难平	1243	渐无书 
玄幻	双鱼玉佩之cosplay系统	1647	某人的黑叔 
都市	炽瞳	7954	笨两点的小傻 
都市	贴身暧昧	34	那旮旯来的汉子  
游戏	无双猎魔人	2222	迷失路之人 
游戏	独掌江湖	1697	愚者三更
二次元	召唤与战争	3357	寡欢的霸巡林客  
二次元	天空的颜色水的颜色	2884	呆毛有颜
